,file_name,count,mean,std,min,25%,50%,75%,max
0,tweets_US_march20_march21.csv,610.0,0.13072665102429445,0.275134738521583,-0.9765625,0.0,0.062499999999999986,0.3125,0.8
1,tweets_US_march21_march22.csv,436.0,0.20221095601327826,0.29442778378028767,-0.4,0.0,0.13636363636363635,0.42784090909090905,0.9765625
2,tweets_US_march22_march23.csv,444.0,0.0629818252645401,0.3243625230604429,-1.0,-0.002485795454545456,0.0,0.25,0.7333333333333334
3,tweets_US_march23_march24.csv,425.0,0.11495343773873186,0.24809230227420676,-0.6071428571428572,0.0,0.024074074074074064,0.24545454545454545,0.7000000000000001
4,tweets_US_march24_march25.csv,352.0,0.05990920774301456,0.2563334289949162,-1.0,-0.02023358585858586,0.0,0.1875,0.6
5,tweets_US_march25_march26.csv,378.0,0.11232989379814777,0.32617666545714546,-1.0,0.0,0.06666666666666668,0.30000000000000004,1.0
6,tweets_US_march26_march27.csv,343.0,0.061873894903687186,0.28443506217306636,-1.0,0.0,0.0,0.15454545454545454,1.0
7,tweets_US_march27_march28.csv,349.0,0.18273421467368461,0.2529221735125035,-0.3125,0.0,0.08333333333333334,0.4,1.0
8,tweets_US_march28_march29.csv,318.0,0.0954034656235914,0.21081513522401676,-0.6,0.0,0.0,0.16666666666666666,0.6499999999999999
9,tweets_US_march30_march31.csv,246.0,0.15330846924942293,0.29586059254636315,-0.6999999999999998,0.0,0.03333333333333333,0.3,1.0
10,tweets_US_march31_april1.csv,241.0,0.08961065898812269,0.2846902330374661,-1.0,0.0,0.0,0.21666666666666667,1.0
11,tweets_US_april1_april2.csv,264.0,0.1255975747737111,0.22487975113377642,-0.6,0.0,0.1,0.27589285714285716,0.75
12,tweets_US_april2_april3.csv,275.0,0.16670318047903276,0.27341407932884404,-0.7999999999999999,0.0,0.1,0.2875,0.85
13,tweets_US_april3_april4.csv,282.0,0.14764804196985049,0.28294306522623647,-1.0,0.0,0.05624999999999998,0.3289930555555555,0.925
14,tweets_US_april4_april5.csv,259.0,0.16092737715186695,0.2759494989510896,-0.3854166666666666,0.0,0.008333333333333321,0.4,1.0
15,tweets_US_april5_april6.csv,217.0,0.03703916219469215,0.3723793300385173,-0.75,0.0,0.0,0.18958333333333333,1.0
16,tweets_US_april6_april7.csv,198.0,0.07232724716761514,0.22493565501737853,-0.6,0.0,0.0,0.153125,1.0
17,tweets_US_april7_april8.csv,224.0,0.08249892348629793,0.2492271696482362,-1.0,0.0,0.01,0.2,1.0
18,tweets_US_april8_april9.csv,174.0,0.1724030949893019,0.24198067046183003,-1.0,0.0,0.13636363636363635,0.34583333333333327,0.9765625
19,tweets_US_april9_april10.csv,163.0,0.09351560724835267,0.21234354019737506,-0.5,0.0,0.0,0.201984126984127,1.0
20,tweets_US_april10_april11.csv,183.0,0.13121490524433893,0.2593498029730206,-0.75,0.0,0.015,0.201984126984127,1.0
21,tweets_US_april11_april12.csv,167.0,0.09036804097432839,0.21922535301311794,-0.6,0.0,0.0,0.2,0.8
22,tweets_US_april12_april13.csv,175.0,0.170193475572047,0.27503550803870647,-0.1,-0.06666666666666668,0.03333333333333333,0.4,1.0
23,tweets_US_april13_april14.csv,161.0,0.13441170058994448,0.22685852902694065,-0.2,0.0,0.05625,0.2,1.0
24,tweets_US_april14_april15.csv,134.0,0.05578611945682842,0.1788451493819781,-0.3,-0.06666666666666668,0.0,0.14659090909090908,0.6
25,tweets_US_april15_april16.csv,124.0,0.12467508119383276,0.273183791813371,-0.7999999999999999,0.0,0.04090909090909091,0.2565104166666667,1.0
26,tweets_US_april16_april17.csv,153.0,0.09423677941294363,0.27209063778114717,-0.5,-0.06666666666666668,0.0,0.17045454545454544,1.0
27,tweets_US_april17_april18.csv,152.0,0.10593456717274563,0.256248878168141,-1.0,0.0,0.07045454545454545,0.275,0.7
28,tweets_US_april18_april19.csv,511.0,0.10322416599128928,0.28323716142986816,-1.0,0.0,0.0,0.25606060606060604,0.875
29,tweets_US_april19_april20.csv,379.0,0.09711579076481058,0.2612863594463072,-0.625,-0.0625,0.0,0.25,1.0
30,tweets_US_april20_april21.csv,384.0,0.11613800454946288,0.26820017555834086,-0.8,0.0,0.0,0.25,1.0
31,tweets_US_april21_april22.csv,368.0,0.02218784800646214,0.2675306564642469,-1.0,-0.0625,0.0,0.16666666666666666,0.7
32,tweets_US_april22_april23.csv,349.0,0.12563128664355386,0.25595659597604214,-0.5,0.0,0.0,0.2916666666666667,0.85
33,tweets_US_april23_april24.csv,369.0,0.13511907812966414,0.28891923942058806,-0.8928571428571429,0.0,0.08096590909090909,0.3,0.9
34,tweets_US_april24_april25.csv,335.0,0.1559562451092302,0.2939143355458622,-0.6999999999999998,0.0,0.013888888888888886,0.26,1.0
35,tweets_US_april25_april26.csv,311.0,0.08557709038014505,0.2810080671130571,-0.6,0.0,0.0,0.21666666666666667,1.0
36,tweets_US_april26_april27.csv,366.0,0.14996905900338278,0.2343765034929454,-0.4,0.0,0.13636363636363635,0.25,1.0
37,tweets_US_april27_april28.csv,271.0,0.13223274521706258,0.2857043902715542,-0.6000000000000001,0.0,0.0,0.31,1.0
38,tweets_US_april28_april29.csv,561.0,0.09016048652396372,0.2837431299239505,-0.8,0.0,0.0,0.2857142857142857,0.8
39,tweets_US_april29_april30.csv,758.0,0.0757879896781612,0.23709959786507318,-1.0,0.0,0.0,0.25,0.6
40,tweets_US_april30_may1.csv,654.0,0.13202719835501617,0.2440602229680983,-0.6,0.0,0.11111111111111112,0.25,0.85
41,tweets_US_may1_may2.csv,819.0,0.13964192718657004,0.2380928635938136,-0.3277777777777778,0.0,0.03333333333333333,0.25,0.8719308035714285
42,tweets_US_may2_may3.csv,855.0,0.11782142660187137,0.2666405688410561,-0.8,0.0,0.021590909090909088,0.275,0.75
43,tweets_US_may3_may4.csv,593.0,0.11083162009019232,0.23951227550084753,-0.4000000000000001,0.0,0.0,0.175,1.0
44,tweets_US_may4_may5.csv,716.0,0.15335171497496916,0.23974333574889786,-0.625,0.0,0.06666666666666668,0.2681818181818182,0.8
45,tweets_US_may5_may6.csv,817.0,0.02194726892401311,0.15236463613813528,-0.3333333333333333,-0.0625,0.0,0.07500000000000001,0.7
46,tweets_US_may6_may7.csv,722.0,0.07232171743403565,0.26162161779478504,-1.0,0.0,0.0,0.25,1.0
47,tweets_US_may7_may8.csv,706.0,0.17025720074896775,0.2504053509469958,-0.3333333333333333,0.0,0.1,0.2916666666666667,1.0
48,tweets_US_may8_may9.csv,757.0,0.13551329918476138,0.2381095659056224,-0.4318181818181818,0.0,0.06818181818181818,0.25,0.9375
49,tweets_US_may9_may10.csv,648.0,0.17771402851263965,0.27382292955357057,-1.0,0.0,0.13636363636363635,0.3471243042671614,1.0
50,tweets_US_may10_may11.csv,452.0,0.17457871523844187,0.30371021993959624,-0.7,0.0,0.090625,0.4,1.0
51,tweets_US_may11_may12.csv,532.0,0.13109321203893573,0.26900021904799243,-0.8,0.0,0.05666666666666665,0.25,1.0
52,tweets_US_may12_may13.csv,770.0,0.17145464040040947,0.25371662629292024,-0.2,0.0,0.075,0.325,0.9375
53,tweets_US_may13_may14.csv,566.0,0.11104951089105242,0.23089506949941493,-0.625,0.0,0.0,0.20625,0.9765625
54,tweets_US_may14-may15.csv,808.0,0.13816362216578798,0.2800025372814483,-1.0,0.0,0.09375,0.2916666666666667,0.875
55,tweets_US_may15_may16.csv,726.0,0.08314841806908783,0.24414362056265834,-0.5166666666666666,0.0,0.0,0.13636363636363635,1.0
56,tweets_US_may16_may17.csv,617.0,0.11467945693330621,0.23144345142832196,-0.4322916666666667,0.0,0.0,0.26666666666666666,0.8
57,tweets_US_may17_may18.csv,557.0,0.10804618624692681,0.24803742745645777,-0.875,0.0,0.04267676767676768,0.2333333333333333,0.9
58,tweets_US_may18_may19.csv,606.0,0.12593228816929314,0.2529652053906265,-0.78125,0.0,0.05,0.27875000000000005,0.85
59,tweets_US_may19_may20.csv,555.0,0.1355622462289129,0.26207744082904044,-0.45,0.0,0.06704545454545455,0.25,1.0
60,tweets_US_may20_may21.csv,566.0,0.076109444393455,0.24802270954910874,-1.0,0.0,0.0,0.13636363636363635,1.0
61,tweets_US_may21_may22.csv,700.0,0.09890237837559267,0.26634110255818844,-0.7142857142857143,0.0,0.0,0.25,0.75
62,tweets_US_may22_may23.csv,801.0,0.16477889515810867,0.27773827493989917,-0.5,0.0,0.0,0.33988095238095245,1.0
63,tweets_US_may23_may24.csv,595.0,0.10677364620090461,0.25866702169825107,-0.7142857142857143,0.0,0.0625,0.25625,0.6666666666666666
64,tweets_US_may24_may25.csv,521.0,0.1477322213890112,0.2506146367790152,-0.75,0.0,0.13636363636363635,0.26166666666666666,0.8
65,tweets_US_may25_may26.csv,493.0,0.13353091367163378,0.19886283863162607,-0.2916666666666667,0.0,0.06818181818181818,0.25,1.0
66,tweets_US_may26_may27.csv,450.0,0.1637587061087061,0.30152082043434136,-0.8499999999999999,0.0,0.11166666666666666,0.3181818181818182,1.0
67,tweets_US_may27_may28.csv,523.0,0.09533573882432629,0.24768130153518678,-0.3888888888888889,0.0,0.0,0.21212121212121213,0.85
68,tweets_US_may28_may29.csv,569.0,0.15007249560632688,0.2482573650383487,-0.5,0.0,0.02159090909090909,0.3,1.0
69,tweets_US_may29_may30.csv,503.0,0.10736827591449857,0.22815867976556617,-0.5,0.0,0.013888888888888895,0.23,0.7999999999999999
70,tweets_US_may30_may31.csv,485.0,0.12471902604840748,0.20401648613405018,-0.37777777777777777,0.0,0.05,0.2433333333333333,0.65
71,tweets_US_may31_june1.csv,399.0,0.14167341024797164,0.2629730531703836,-0.6,0.0,0.05,0.32575757575757575,1.0
72,tweets_US_june1_june2.csv,423.0,0.11072211232798872,0.2565816258913022,-0.4,0.0,0.009722222222222224,0.21666666666666667,1.0
73,tweets_US_june2_june3.csv,311.0,0.14810101842620432,0.23471214373265128,-0.35,0.0,0.05625,0.3029166666666667,1.0
74,tweets_US_june3_june4.csv,393.0,0.135195043859166,0.2432490125785544,-0.5625,0.0,0.06527777777777778,0.3029166666666667,1.0
75,tweets_US_june4_june5.csv,482.0,0.13015993141252477,0.271059043638202,-0.6,0.0,0.014285714285714282,0.275,1.0
76,tweets_US_june5_june6.csv,458.0,0.09188752091249364,0.24487596524996724,-0.625,0.0,0.05155122655122655,0.25,0.7
77,tweets_US_june6_june7.csv,418.0,0.1577818268697455,0.26156441873367814,-0.6,0.0,0.1,0.3,1.0
78,tweets_US_june7_june8.csv,360.0,0.07881345016318839,0.2615346493452153,-1.0,0.0,0.011868686868686862,0.2416666666666667,0.75
79,tweets_US_june8_june9.csv,433.0,0.1422447253798293,0.19838715490904374,-0.5,0.0,0.13636363636363635,0.3333333333333333,0.6
80,tweets_US_june9_june10.csv,453.0,0.10536958794823033,0.27726277918614256,-1.0,0.0,0.016477272727272733,0.30000000000000004,0.8
81,tweets_US_june10_june11.csv,428.0,0.1151968344155844,0.18012547903170087,-0.275,0.0,0.054545454545454536,0.23863636363636367,0.625
82,tweets_US_june11_june12.csv,449.0,0.14323101561269713,0.24231028080931447,-0.29296875,0.0,0.039285714285714285,0.25,1.0
83,tweets_US_june12_june13.csv,470.0,0.12384411828883714,0.25408657897055503,-1.0,0.0,0.04375,0.2355050505050505,1.0
84,tweets_US_june13_june14.csv,400.0,0.13744788472522845,0.2549326575878516,-0.8,0.0,0.06818181818181818,0.2828125,1.0
85,tweets_US_june14_june15.csv,394.0,0.1615238715563906,0.2131791966777889,-0.3333333333333333,0.0,0.13125,0.26666666666666666,1.0
86,tweets_US_june15_june16.csv,577.0,0.171903824860389,0.24292177059670644,-0.4,0.0,0.13125,0.3375,0.8
87,tweets_US_june16_june17.csv,568.0,0.1459594935458712,0.2558969942293528,-0.2333333333333333,0.0,0.0,0.2346064814814815,1.0
88,tweets_US_june17_june18.csv,529.0,0.1279531090290272,0.22890365741064378,-0.7,0.0,0.07992424242424243,0.25,1.0
89,tweets_US_june18_june19.csv,607.0,0.1512766525130096,0.21092732384264518,-0.3404761904761905,0.0,0.14285714285714285,0.27187500000000003,0.8
90,tweets_US_june19_june20.csv,611.0,0.12044807930446229,0.2008709484969077,-0.5,0.0,0.07083333333333333,0.25,0.75
91,tweets_US_june20_june21.csv,629.0,0.20283218546086193,0.29457293512198973,-0.640625,0.0,0.1255681818181818,0.3976190476190476,1.0
92,tweets_US_june21_june22.csv,507.0,0.15720822501843565,0.29928694104088394,-0.5,0.0,0.03333333333333333,0.28409090909090906,1.0
93,tweets_US_june22_june23.csv,577.0,0.18783289693168378,0.2510593258733382,-0.3625,0.0,0.12777777777777774,0.3133333333333333,1.0
94,tweets_US_june23_june24.csv,504.0,0.13095241942526167,0.2183683136131026,-0.625,0.0,0.1,0.2671428571428572,0.6583333333333333
95,tweets_US_june24_june25.csv,520.0,0.1306937793832325,0.22928451901244828,-0.6,0.0,0.09545454545454546,0.25,1.0
96,tweets_US_june25_june26.csv,584.0,0.17049114709966592,0.23580946467884345,-0.4333333333333333,0.0,0.1375,0.3020833333333333,0.8
97,tweets_US_june26_june27.csv,597.0,0.15316338184428635,0.25368728920854655,-0.4333333333333333,0.0,0.125,0.3,1.0
98,tweets_US_june27_june28.csv,826.0,0.13714936457681404,0.2188408286673771,-0.25,0.0,0.09666666666666664,0.25,0.85
99,tweets_US_june28_june29.csv,529.0,0.123273569776553,0.2564060987725495,-0.41875,0.0,0.0,0.2694805194805195,1.0
100,tweets_US_june29_june30.csv,619.0,0.1728793065667056,0.22131318732054564,-0.2311111111111111,0.0,0.13636363636363635,0.325,1.0
101,tweets_US_june30_july1.csv,606.0,0.10786096055750699,0.22765489750253395,-0.5,0.0,0.016666666666666666,0.2,0.75
102,tweets_US_july1_july2.csv,724.0,0.145905125769335,0.25052253554345794,-0.5,0.0,0.08452380952380953,0.2611363636363636,1.0
103,tweets_US_july2_july3.csv,580.0,0.11532762725779964,0.20274340873318208,-0.3333333333333333,0.0,0.0,0.26268939393939394,0.5599999999999999
104,tweets_US_july3_july4.csv,589.0,0.14370220976439144,0.24287971098756606,-0.5,0.0,0.09375,0.24000000000000005,1.0
105,tweets_US_july4_july5.csv,843.0,0.17653024389484578,0.28037568248824496,-0.8,0.0,0.11818181818181818,0.325,1.0
106,tweets_US_july5_july6.csv,595.0,0.17150305425200382,0.3046728318519295,-0.7999999999999999,0.0,0.13125,0.3066666666666667,1.0
107,tweets_US_july6_july7.csv,508.0,0.16119960346753529,0.2317361066128665,-0.16666666666666666,0.0,0.1,0.2575757575757576,0.9765625
108,tweets_US_july7_july8.csv,503.0,0.12064084229591189,0.2040171896599121,-0.36458333333333337,0.0,0.06818181818181818,0.21212121212121213,0.875
109,tweets_US_july8_july9.csv,581.0,0.15060836884954784,0.2582132266817761,-0.625,0.0,0.125,0.325,1.0
110,tweets_US_july9_july10.csv,794.0,0.11868360478207769,0.2648500161121452,-0.5,-0.0625,0.03125,0.2,1.0
111,tweets_US_july10_july11.csv,654.0,0.17192004524668897,0.23355643518665214,-0.30000000000000004,0.0,0.13636363636363635,0.3121212121212121,0.65
112,tweets_US_july11_july12.csv,651.0,0.1372656632708476,0.19877096350984624,-0.39166666666666666,0.0,0.10606060606060604,0.2888888888888889,0.6125
113,tweets_US_july12_july13.csv,528.0,0.12075137991567915,0.22751528971323143,-0.5,0.0,0.04,0.2444444444444445,1.0
114,tweets_US_july13_july14.csv,511.0,0.12145549724836663,0.21329625848507666,-0.375,0.0,0.016666666666666666,0.22916666666666666,1.0
115,tweets_US_july14_july15.csv,565.0,0.1638685735231383,0.2574446549896438,-0.3538818359375,0.0,0.08181818181818183,0.35,1.0
116,tweets_US_july15_july16.csv,508.0,0.14666275173226453,0.24634414962661125,-0.7,0.0,0.09492544492544491,0.2713068181818182,0.9765625
117,tweets_US_july16_july17.csv,574.0,0.07822304011682278,0.28162283492885054,-1.0,0.0,0.06527777777777778,0.20000000000000004,1.0
118,tweets_US_july17_july18.csv,660.0,0.15647929511565875,0.268460427532004,-0.4,0.0,0.07000000000000002,0.25,1.0
119,tweets_US_july18_july19.csv,727.0,0.14592632591884655,0.24725919821800899,-0.5,0.0,0.08712121212121211,0.2225,1.0
120,tweets_US_july19_july20.csv,596.0,0.12108104009346667,0.24789430196728304,-0.6,0.0,0.06413690476190478,0.3,0.7500000000000001
121,tweets_US_july20_july21.csv,568.0,0.2354802722056243,0.2725303879715291,-0.5,0.02,0.2,0.375,1.0
122,tweets_US_july21_july22.csv,666.0,0.12354794899065734,0.21424510231533306,-0.5,0.0,0.10049715909090907,0.21770833333333334,0.7
123,tweets_US_july22_july23.csv,650.0,0.1700405656843157,0.28637424979300075,-0.6999999999999998,0.0,0.13636363636363635,0.3872727272727273,1.0
124,tweets_US_july23_july24.csv,691.0,0.09939172265991576,0.21480017686945274,-0.5,0.0,0.03375,0.17857142857142858,0.85
125,tweets_US_july24_july25.csv,734.0,0.08664910128189249,0.22888649057095145,-1.0,0.0,0.016666666666666666,0.2,0.8375
126,tweets_US_july25_july26.csv,651.0,0.1437990699720593,0.2520964610944948,-0.6,0.0,0.03333333333333333,0.338125,0.7
127,tweets_US_july26_july27.csv,640.0,0.16122702095358346,0.24450409597652745,-0.625,0.0,0.1203125,0.3166666666666667,1.0
128,tweets_US_july27_july28.csv,520.0,0.1426103656181781,0.2447967386286818,-0.5,0.0,0.0962121212121212,0.296875,1.0
129,tweets_US_july28_july29.csv,516.0,0.13726378192221214,0.2205977862114905,-0.46875,0.0,0.062499999999999986,0.27878787878787875,0.78125
130,tweets_US_july29_july30.csv,528.0,0.15973835111122045,0.2528346882641127,-0.4000000000000001,0.0,0.1,0.2810606060606061,0.9765625
131,tweets_US_july30_july31.csv,513.0,0.15134161707981675,0.26172577685585346,-0.5777777777777778,0.0,0.121875,0.3181818181818182,1.0
132,tweets_US_july31_august1.csv,611.0,0.16478310323865036,0.2434354329890293,-0.375,0.0,0.125,0.3333333333333333,1.0
133,tweets_US_august1_august2.csv,635.0,0.16761941103242778,0.24514373585984703,-0.4,0.0,0.10666666666666666,0.3125,0.8
134,tweets_US_august2_august3.csv,514.0,0.1617059719625381,0.27869675143513883,-0.5,0.0,0.0,0.32916666666666666,0.9166666666666666
135,tweets_US_august3_august4.csv,642.0,0.19793348061163482,0.2561639667051529,-0.5,0.0,0.15416666666666667,0.39375000000000004,0.8
136,tweets_US_august4_august5.csv,721.0,0.14683166992893065,0.2557544819793886,-0.6,0.0,0.05833333333333333,0.3,1.0
137,tweets_US_august5_august6.csv,748.0,0.12837204281678238,0.21963238203915691,-0.4374999999999999,0.0,0.1,0.24375,1.0
138,tweets_US_august6_august7.csv,750.0,0.1241232938011063,0.27137196707385275,-0.8,0.0,0.10416666666666667,0.25,1.0
139,tweets_US_august7_august8.csv,750.0,0.1491122587782588,0.2957908994854354,-1.0,0.0,0.08349116161616162,0.3583333333333334,0.8125
140,tweets_US_august8_august9.csv,740.0,0.14915724099708474,0.24339469794051796,-0.4,0.0,0.06666666666666668,0.2857142857142857,1.0
141,tweets_US_august9_august10.csv,598.0,0.11268881795036685,0.27395843946065235,-0.75,0.0,0.03333333333333333,0.28194444444444444,1.0
142,tweets_US_august10_august11.csv,631.0,0.1651848245301098,0.3068399115520012,-1.0,0.0,0.10416666666666667,0.38110795454545454,0.85
143,tweets_US_august11_august12.csv,666.0,0.10688163511755634,0.2318688367348231,-0.6,0.0,0.1,0.24166666666666664,0.95367431640625
144,tweets_US_august12_august13.csv,726.0,0.11505050020890242,0.220405866790076,-0.30000000000000004,0.0,0.033939393939393936,0.2333333333333333,0.875
145,tweets_US_august13_august14.csv,749.0,0.10915174437328976,0.27322205514856857,-0.8,-3.7007434154171876e-17,0.018888888888888882,0.2857142857142857,0.9
146,tweets_US_august14_august15.csv,769.0,0.13727752535416712,0.2560407848224206,-0.7999999999999999,0.0,0.1,0.25,1.0
147,tweets_US_august15_august16.csv,723.0,0.1576163332594868,0.28782796752195194,-1.0,0.0,0.044791666666666674,0.275,0.9
148,tweets_US_august16_august17.csv,646.0,0.13456249804547016,0.227106879816806,-0.5,0.0,0.03333333333333333,0.2609848484848485,0.85
149,tweets_US_august17_august18.csv,713.0,0.17811442203710787,0.2640063888477387,-0.5,0.0,0.11875,0.325,0.9765625
150,tweets_US_august18_august19.csv,962.0,0.1112256606006606,0.2642226446330208,-0.8,0.0,0.06818181818181818,0.25,1.0
151,tweets_US_august19_august20.csv,705.0,0.16683893860266588,0.25118314427366883,-0.65,0.0,0.13636363636363635,0.35,1.0
152,tweets_US_august20_august21.csv,762.0,0.13992095989354145,0.22238275329799023,-0.7999999999999999,0.0,0.125,0.26666666666666666,0.75
153,tweets_US_august21_august22.csv,765.0,0.19246235879312446,0.241476989717488,-0.475,0.0,0.13636363636363635,0.4,1.0
154,tweets_US_august22_august23.csv,630.0,0.13410594035594034,0.2931144131222705,-0.78125,0.0,0.03333333333333333,0.30000000000000004,1.0
155,tweets_US_august23_august24.csv,562.0,0.19348058302907056,0.22398200650407543,-0.2,0.0,0.13636363636363635,0.37777777777777777,1.0
156,tweets_US_august24_august25.csv,632.0,0.13694011801766823,0.24306665498225574,-0.65,0.0,0.11554834054834054,0.275,1.0
157,tweets_US_august25_august26.csv,752.0,0.17277639827943186,0.276605479253053,-0.6,0.0,0.10000000000000002,0.35000000000000003,1.0
158,tweets_US_august26_august27.csv,737.0,0.17552929372658851,0.2794150791616469,-0.8,0.0,0.13636363636363635,0.4,1.0
159,tweets_US_august27_august28.csv,652.0,0.1115590453095246,0.2786702760991139,-0.7142857142857143,0.0,0.06,0.290625,0.8000000000000002
160,tweets_US_august28_august29.csv,637.0,0.11001581444821242,0.3017435446291705,-1.0,0.0,0.06666666666666668,0.2583333333333333,0.7
161,tweets_US_august29_august30.csv,642.0,0.14213660769540834,0.2570571495071363,-0.7,0.0,0.125,0.26666666666666666,0.78
162,tweets_US_august30_august31.csv,510.0,0.15701157809714794,0.1942001265200508,-0.5,0.0,0.13636363636363635,0.3111111111111111,0.7500000000000001
163,tweets_US_august31_september1.csv,561.0,0.15874336132524636,0.3170423127454483,-1.0,0.0,0.12548701298701298,0.30000000000000004,1.0
164,tweets_US_october1_october2.csv,270.0,0.07346658588325256,0.1935260528592192,-0.30000000000000004,0.0,0.0,0.16666666666666666,1.0
165,tweets_US_october2_october3.csv,169.0,0.1335005607373396,0.2470850220663145,-0.75,0.0,0.1,0.2272727272727273,1.0
166,tweets_US_october3_october4.csv,187.0,0.1274521796781155,0.2475812697578022,-0.5,0.0,0.0,0.221875,1.0
167,tweets_US_october4_october5.csv,171.0,0.09450437963595859,0.25427446456029246,-1.0,0.0,0.0,0.16,1.0
168,tweets_US_october5_october6.csv,133.0,0.11721429520771626,0.25470527768455464,-0.46875,0.0,0.0,0.240625,1.0
169,tweets_US_october6_october7.csv,166.0,0.06039516199719513,0.25340135271351016,-0.8,0.0,0.0,0.16666666666666666,1.0
170,tweets_US_october7_october8.csv,195.0,0.053617953805453804,0.17749211903713893,-0.5,0.0,0.0,0.13636363636363635,0.6666666666666666
171,tweets_US_october8_october9.csv,213.0,0.12771934355854545,0.22122523473243288,-0.30000000000000004,0.0,0.0,0.25,1.0
172,tweets_US_october9_october10.csv,244.0,0.15830217426016605,0.2421444342724477,-0.25,0.0,0.04,0.2833333333333333,1.0
173,tweets_US_october10_october11.csv,271.0,0.13132054766164544,0.24892808978890363,-0.5,0.0,0.04861111111111111,0.25,0.85
174,tweets_US_october11_october12.csv,239.0,0.11557697256834286,0.22323453051776757,-0.5,0.0,0.04545454545454545,0.25,0.7
175,tweets_US_october12_october13.csv,213.0,0.11690051927727983,0.24778884079028662,-0.6999999999999998,0.0,0.0,0.25,0.925
176,tweets_US_october13_october14.csv,220.0,0.09027455152171061,0.2286384572088962,-0.625,0.0,0.03409090909090909,0.16875,0.8
177,tweets_US_october14_october15.csv,259.0,0.15514723758138937,0.28103732590537617,-0.75,0.0,0.07199999999999998,0.31306818181818186,1.0
178,tweets_US_october15_october16.csv,195.0,0.13387039210789212,0.24375952319837715,-0.2083333333333333,0.0,0.028787878787878782,0.22613636363636364,1.0
179,tweets_US_october16_october17.csv,254.0,0.13630832811381532,0.2298012247473346,-0.75,0.0,0.03125,0.27954545454545454,1.0
180,tweets_US_october17_october18.csv,270.0,0.126659546141689,0.2674850658895502,-1.0,0.0,0.08333333333333333,0.25,0.7675
181,tweets_US_october18_october19.csv,224.0,0.15289653525650318,0.2601230002591547,-0.625,0.0,0.08006493506493506,0.25416666666666665,1.0
182,tweets_US_october19_october20.csv,269.0,0.07980558371822312,0.2268975657957984,-0.5,0.0,0.0,0.16666666666666666,1.0
183,tweets_US_october20_october21.csv,244.0,0.10575116344455485,0.22956279018226766,-0.5,0.0,0.01499999999999999,0.2,0.8333333333333334
184,tweets_US_october21_october22.csv,251.0,0.10713679103930598,0.253820510761946,-0.5,0.0,0.0,0.2333333333333334,0.9
185,tweets_US_october22_october23.csv,237.0,0.14728124372111717,0.23700174270198995,-0.4,0.0,0.07916666666666666,0.275,1.0
186,tweets_US_october23_october24.csv,329.0,0.07070739856226178,0.22858035493714332,-0.8,0.0,0.0,0.2272727272727273,0.5
187,tweets_US_october24_october25.csv,301.0,0.07156173944795208,0.22969272520493206,-0.625,0.0,0.0,0.13636363636363635,0.8
188,tweets_US_october25_october26.csv,209.0,0.13304022510362223,0.2682072392646149,-0.4,0.0,0.03333333333333333,0.2,1.0
189,tweets_US_october26_october27.csv,238.0,0.10429743859349296,0.19851205739769956,-0.2916666666666667,0.0,0.022222222222222227,0.2,0.8
190,tweets_US_october28_october29.csv,271.0,0.15856636675132985,0.2920730049767644,-0.5,0.0,0.0,0.3125,1.0
191,tweets_US_october29_october30.csv,314.0,0.11464941154033512,0.27903618375325107,-0.794642857142857,0.0,0.004166666666666667,0.26250000000000007,1.0
192,tweets_US_october30_october31.csv,320.0,0.09100296233352874,0.21999107107724694,-1.0,0.0,0.05676767676767676,0.225,0.6333333333333334
193,tweets_US_october31_november1.csv,546.0,0.21269225400921832,0.2724826137587374,-0.5,0.0,0.13636363636363635,0.4,1.0
194,tweets_US_november1_november2.csv,281.0,0.18362523943039957,0.2681312104223402,-0.4583333333333333,0.0,0.078125,0.3583333333333333,1.0
195,tweets_US_november2_november3.csv,199.0,0.13910565634811867,0.23807728905520684,-0.6,0.0,0.1,0.25625,0.890625
196,tweets_US_november3_november4.csv,248.0,0.08561238828375925,0.25406034476977585,-0.7142857142857143,0.0,0.0,0.1787878787878788,1.0
197,tweets_US_november4_november5.csv,210.0,0.09232258383151241,0.2035284360740064,-0.5,0.0,0.0,0.2,0.675
198,tweets_US_november5_november6.csv,238.0,0.14173833027529195,0.3114477164924867,-0.7999999999999999,0.0,0.0,0.26576704545454544,1.0
199,tweets_US_november6_november7.csv,225.0,0.11553643950846332,0.26329093318281144,-0.5249999999999999,0.0,0.0,0.2031539888682745,1.0
200,tweets_US_november7_november8.csv,222.0,0.14396972730306062,0.2314017687456641,-0.6,0.0,0.1,0.3178030303030303,1.0
201,tweets_US_november8_november9.csv,224.0,0.20668468727453101,0.28851987256617045,-0.35,0.0,0.1,0.40909090909090906,1.0
202,tweets_US_november9_november10.csv,155.0,0.08518832259810082,0.22114358784709626,-0.36603515625,0.0,0.0,0.2,0.8
203,tweets_US_november10_november11.csv,199.0,0.11498608682693166,0.18202947200449912,-0.5,0.0,0.075,0.23122767857142856,0.825
204,tweets_US_november11_november12.csv,235.0,0.16224139807444327,0.3016442471706654,-0.7333333333333333,0.0,0.03409090909090909,0.293828125,1.0
205,tweets_US_november12_november13.csv,224.0,0.1333531103383224,0.23793818874506947,-0.2880952380952381,0.0,0.04545454545454545,0.21944444444444444,1.0
206,tweets_US_november13_november14.csv,256.0,0.08112389150291983,0.27395964160543435,-1.0,0.0,0.0,0.2272727272727273,0.8999999999999999
207,tweets_US_november14_november15.csv,304.0,0.14586502655787195,0.2666350798131792,-0.5,0.0,0.05625,0.2571969696969697,1.0
208,tweets_US_november15_november16.csv,257.0,0.11901019470693595,0.23441410326222847,-0.375,0.0,0.0,0.25,1.0
209,tweets_US_november16_november17.csv,222.0,0.15847308372698998,0.28935811701816777,-0.5,0.0,0.0,0.4,0.8662109375
210,tweets_US_november17_november18.csv,284.0,0.14758734541084895,0.25955930795756976,-0.3,0.0,0.014393939393939384,0.2,1.0
211,tweets_US_november18_november19.csv,264.0,0.08468989133761862,0.209983086309236,-0.3,0.0,0.0,0.15,1.0
212,tweets_US_november19_november20.csv,291.0,0.18037720882115213,0.27891344266929163,-0.5,0.0,0.11666666666666667,0.3190909090909091,0.875
213,tweets_US_november20_november21.csv,283.0,0.05884436267828493,0.2316255352585745,-1.0,0.0,0.0,0.13068181818181818,1.0
214,tweets_US_november21_november22.csv,295.0,0.13078882040746448,0.23936056171910108,-0.2,0.0,0.0,0.1875,1.0
215,tweets_US_november22_november23.csv,275.0,0.12035781243167608,0.28053681974386013,-0.5,0.0,0.0,0.3272727272727273,1.0
216,tweets_US_november23_november24.csv,232.0,0.07435829974623077,0.21104364123897118,-0.25,0.0,0.0,0.1722222222222222,0.7
217,tweets_US_november24_november25.csv,286.0,0.07728642254210437,0.2272757610840334,-0.9375,0.0,0.016666666666666666,0.16,0.8
218,tweets_US_november25_november26.csv,314.0,0.09097290846648928,0.2560145510660247,-0.6,0.0,0.0,0.16666666666666666,1.0
219,tweets_US_november26_november27.csv,448.0,0.1120425960887038,0.3025439659705917,-1.0,0.0,0.1,0.32083333333333336,0.8125
220,tweets_US_november27_november28.csv,282.0,0.10638565236969492,0.2342189198141485,-0.2875,0.0,0.0,0.1965909090909091,0.8
221,tweets_US_november28_november29.csv,252.0,0.12488350531009261,0.23644618180444194,-0.6,0.0,0.032467532467532464,0.22666666666666666,0.9375
222,tweets_US_november29_november30.csv,234.0,0.12589588296319065,0.28969649685729965,-1.0,0.0,0.03333333333333333,0.34069264069264066,1.0
223,tweets_US_november30_december1.csv,267.0,0.0803862454129308,0.19922601251938832,-0.3833333333333333,0.0,0.0,0.14722222222222225,0.8
224,tweets_US_december1_december2.csv,272.0,0.15457428473283252,0.2511735550742278,-0.4,0.0,0.062215909090909086,0.25,0.9765625
225,tweets_US_december2_december3.csv,259.0,0.12423766588945158,0.2588336493126574,-0.4318181818181818,0.0,0.0,0.19301948051948045,1.0
226,tweets_US_december3_december4.csv,297.0,0.10088942576316315,0.2284532584845348,-0.7999999999999999,0.0,0.0,0.13636363636363635,1.0
227,tweets_US_december4_december5.csv,303.0,0.09572332530872135,0.2594480988670158,-0.5,0.0,0.025,0.25,1.0
228,tweets_US_december5_december6.csv,298.0,0.1335649913565182,0.22471812526863236,-0.3333333333333333,0.0,0.06375,0.25,1.0
229,tweets_US_december6_december7.csv,187.0,0.11991800822716597,0.23576000056187874,-0.35,0.0,0.034999999999999976,0.25,1.0
230,tweets_US_december7_december8.csv,346.0,0.10141146967194656,0.22348411167087864,-1.0,0.0,0.02361111111111111,0.19245580808080798,0.625
231,tweets_US_december8_december9.csv,274.0,0.11292444287768191,0.20041171063417168,-0.325,0.0,0.008333333333333331,0.25,0.75
232,tweets_US_december9_december10.csv,254.0,0.06327511688879799,0.26570037302928357,-0.625,0.0,0.0,0.13636363636363635,1.0
233,tweets_US_december10_december11.csv,280.0,0.1303216572613894,0.2404936659952391,-0.4,0.0,0.033333333333333326,0.25,1.0
234,tweets_US_december11_december12.csv,333.0,0.15688784123679958,0.2531870746651402,-0.4208333333333333,0.0,0.025,0.275,1.0
235,tweets_US_december12_december13.csv,331.0,0.08164179117186103,0.2331515213776394,-0.5,0.0,0.0,0.25,0.8
236,tweets_US_december13_december14.csv,271.0,0.08443938737856765,0.1668109135997593,-0.3333333333333333,0.0,0.0,0.15000000000000002,0.8
237,tweets_US_december14_december15.csv,230.0,0.13929254305477135,0.25496127237176575,-0.5,0.0,0.043181818181818175,0.2816666666666667,1.0
238,tweets_US_december15_december16.csv,295.0,0.09800537660707152,0.25680137977292655,-0.625,0.0,0.06666666666666668,0.21666666666666665,1.0
239,tweets_US_december16_december17.csv,270.0,0.11702216387864536,0.24600613984074346,-0.46875,0.0,0.0,0.19318181818181807,0.890625
240,tweets_US_december17_december18.csv,293.0,0.12325557500898798,0.22989911118312994,-0.30000000000000004,0.0,0.02777777777777778,0.23193181818181816,1.0
241,tweets_US_december18_december19.csv,296.0,0.14732302513552514,0.2336347209612911,-0.16666666666666666,0.0,0.0,0.26666666666666666,0.9255208333333332
242,tweets_US_december19_december20.csv,198.0,0.13423758045522566,0.2852870968576019,-0.5,0.0,0.0,0.3374053030303031,1.0
243,tweets_US_december20_december21.csv,239.0,0.10356440507133499,0.21421349552097463,-0.6,0.0,0.03409090909090909,0.2388888888888889,0.625
244,tweets_US_december21_december22.csv,226.0,0.11694545805718373,0.25727217752851705,-0.6,0.0,0.0,0.25,0.85
245,tweets_US_december22_december23.csv,238.0,0.11696135272290734,0.2221371232729758,-0.7,0.0,0.0,0.1990909090909091,0.85
246,tweets_US_december23_december24.csv,246.0,0.10023850218209976,0.2993827814748667,-0.9765625,0.0,0.0,0.17500000000000002,1.0
247,tweets_US_december24_december25.csv,322.0,0.13216816948640928,0.2656116460779553,-0.8,0.0,0.07878787878787878,0.26295454545454544,1.0
248,tweets_US_december25_december26.csv,337.0,0.17217085376604108,0.2671094839989943,-0.4833333333333333,0.0,0.06818181818181818,0.3,1.0
249,tweets_US_december26_december27.csv,237.0,0.21112347860765585,0.3106296125055183,-0.4,0.0,0.13636363636363635,0.35714285714285715,1.0
250,tweets_US_december27_december28.csv,180.0,0.13543168791085458,0.26883767875976705,-0.525,0.0,0.06818181818181818,0.26666666666666666,1.0
251,tweets_US_december28_december29.csv,249.0,0.10335701137884871,0.24417619122783688,-0.5,0.0,0.0,0.16666666666666666,0.9765625
252,tweets_US_december29_december30.csv,209.0,0.06276362911410759,0.19350587013225232,-0.75,0.0,0.0,0.13333333333333333,0.7
253,tweets_US_december30_december31.csv,236.0,0.11502308955169124,0.2139723039236812,-0.55,0.0,0.015476190476190473,0.2333333333333333,1.0
254,tweets_US_december31_january1.csv,333.0,0.15095181084764417,0.23098588112589613,-0.3999999999999999,0.0,0.08482142857142858,0.2325396825396825,1.0
255,tweets_US_january1_january2.csv,245.0,0.2726959362208087,0.26785127490625643,-0.4,0.0,0.2833333333333334,0.4681818181818182,1.0
256,tweets_US_january2_january3.csv,177.0,0.11130295081566269,0.24557029334058764,-0.6,0.0,0.03333333333333333,0.2,1.0
257,tweets_US_january3_january4.csv,146.0,0.07602162772539486,0.20888488725892693,-0.5874999999999999,0.0,0.0,0.18229166666666666,0.6672727272727272
258,tweets_US_january4_january5.csv,190.0,0.07946919085118098,0.2704195983664738,-1.0,0.0,0.0,0.16874999999999998,0.875
259,tweets_US_january5_january6.csv,205.0,0.09796359368950833,0.2236620504936691,-0.5,0.0,0.04363636363636363,0.2,0.8
260,tweets_US_january6_january7.csv,188.0,0.11262998886087318,0.22467244356016913,-0.4333333333333333,0.0,0.0,0.13636363636363635,0.8
261,tweets_US_january7_january8.csv,224.0,0.08250544435998305,0.21383251704209458,-0.5,0.0,0.0,0.2,1.0
262,tweets_US_january8_january9.csv,232.0,0.10138342320993185,0.2398578551301076,-0.5,0.0,0.0,0.16875,1.0
263,tweets_US_january9_january10.csv,204.0,0.08570016516707693,0.24441608024215267,-0.525,0.0,0.0,0.19801587301587306,0.875
264,tweets_US_january10_january11.csv,188.0,0.11409460719421105,0.2515873275667731,-0.6,0.0,0.0,0.25,1.0
265,tweets_US_january11_january12.csv,251.0,0.12033523913005985,0.28999027826716434,-1.0,0.0,0.0,0.24863636363636366,0.9
266,tweets_US_january12_january13.csv,263.0,0.0792227767215885,0.23174279031957967,-1.0,0.0,0.0,0.17583333333333334,0.7
267,tweets_US_january13_january14.csv,198.0,0.16648875342530645,0.22837611073568648,-0.2,0.0,0.09971590909090909,0.34374999999999994,0.7
268,tweets_US_january14_january15.csv,311.0,0.08051863760866976,0.16229856027447473,-0.4,0.0,0.0,0.13636363636363635,0.7
269,tweets_US_january15_january16.csv,266.0,0.013222897611995353,0.2783916436364969,-1.0,0.0,0.0,0.13636363636363635,0.5
270,tweets_US_january16_january17.csv,201.0,0.1842191108251431,0.25877748460005656,-0.35625,0.0,0.125,0.31666666666666665,1.0
271,tweets_US_january17_january18.csv,213.0,0.1536901910904258,0.23602315736985385,-0.25,0.0,0.054545454545454536,0.2333333333333333,0.875
272,tweets_US_january18_january19.csv,216.0,0.19722304894179896,0.31628162662499376,-0.7000000000000001,0.0,0.1572727272727273,0.4,1.0
273,tweets_US_january19_january20.csv,321.0,0.09740188902766785,0.23795911805516742,-0.6999999999999998,0.0,0.02500000000000001,0.2,1.0
